{"cameraMode":{"drawMode":0,"name":"Shaded","section":"Shading Mode"},"sceneLighting":false,"audioPlay":false,"sceneViewState":{"showFog":true,"showMaterialUpdate":false,"showSkybox":false,"showFlares":true,"showImageEffects":true,"showParticleSystems":true},"in2DMode":false,"pivot":{"x":141.6999969482422,"y":-207.47000122070313,"z":-42.189998626708987},"rotation":{"x":-0.09099258482456207,"y":-0.27472132444381716,"z":0.02612345851957798,"w":-0.9568579196929932},"size":0.1767766922712326,"orthographic":false}