{"cameraMode":{"drawMode":0,"name":"Shaded","section":"Shading Mode"},"sceneLighting":true,"audioPlay":false,"sceneViewState":{"showFog":true,"showMaterialUpdate":false,"showSkybox":true,"showFlares":true,"showImageEffects":true,"showParticleSystems":true},"in2DMode":false,"pivot":{"x":1.9037926197052003,"y":2.092916965484619,"z":-1.872180461883545},"rotation":{"x":0.028520837426185609,"y":0.9177371859550476,"z":-0.0670175701379776,"w":0.39049795269966128},"size":6.753604412078857,"orthographic":true}