{"cameraMode":{"drawMode":0,"name":"Shaded","section":"Shading Mode"},"sceneLighting":true,"audioPlay":false,"sceneViewState":{"showFog":true,"showMaterialUpdate":false,"showSkybox":true,"showFlares":true,"showImageEffects":true,"showParticleSystems":true},"in2DMode":false,"pivot":{"x":13.511432647705079,"y":-1.435379981994629,"z":0.4876232147216797},"rotation":{"x":0.1445390284061432,"y":0.2511344254016876,"z":-0.03795536607503891,"w":0.9563554525375366},"size":12.095540046691895,"orthographic":true}