{"cameraMode":{"drawMode":0,"name":"Shaded","section":"Shading Mode"},"sceneLighting":true,"audioPlay":false,"sceneViewState":{"showFog":true,"showMaterialUpdate":false,"showSkybox":true,"showFlares":true,"showImageEffects":true,"showParticleSystems":true},"in2DMode":false,"pivot":{"x":13.511432647705079,"y":-1.435379981994629,"z":0.4876232147216797},"rotation":{"x":0.2215982973575592,"y":-0.020185839384794236,"z":0.004592482466250658,"w":0.9749265909194946},"size":27.91481590270996,"orthographic":true}