{"cameraMode":{"drawMode":0,"name":"Shaded","section":"Shading Mode"},"sceneLighting":false,"audioPlay":false,"sceneViewState":{"showFog":true,"showMaterialUpdate":false,"showSkybox":false,"showFlares":true,"showImageEffects":true,"showParticleSystems":true},"in2DMode":false,"pivot":{"x":2.9000000953674318,"y":2.0,"z":-7.289999961853027},"rotation":{"x":0.09951598197221756,"y":0.06562576442956925,"z":-0.006575506180524826,"w":0.9928661584854126},"size":6.791501045227051,"orthographic":true}