{"cameraMode":{"drawMode":0,"name":"Shaded","section":"Shading Mode"},"sceneLighting":true,"audioPlay":false,"sceneViewState":{"showFog":true,"showMaterialUpdate":false,"showSkybox":true,"showFlares":true,"showImageEffects":true,"showParticleSystems":true},"in2DMode":false,"pivot":{"x":1.9037926197052003,"y":2.092916965484619,"z":-1.872180461883545},"rotation":{"x":0.14658226072788239,"y":0.2892005741596222,"z":-0.04486047476530075,"w":0.9449343085289002},"size":4.532707691192627,"orthographic":true}