{"cameraMode":{"drawMode":0,"name":"Shaded","section":"Shading Mode"},"sceneLighting":true,"audioPlay":false,"sceneViewState":{"showFog":true,"showMaterialUpdate":false,"showSkybox":true,"showFlares":true,"showImageEffects":true,"showParticleSystems":true},"in2DMode":false,"pivot":{"x":2.9000000953674318,"y":2.0,"z":-7.289999961853027},"rotation":{"x":0.10291972011327744,"y":0.15599997341632844,"z":-0.01634647324681282,"w":0.9822661876678467},"size":5.610532283782959,"orthographic":true}